{
  "dataset_info": {
    "total_samples": 506,
    "features": 13,
    "training_samples": 404,
    "test_samples": 102
  },
  "basic_models": {
    "Linear Regression": {
      "MSE": 24.291119474973513,
      "R2": 0.668759493535632
    },
    "Random Forest": {
      "MSE": 7.912745333333333,
      "R2": 0.8920995891343227
    },
    "SVR": {
      "MSE": 25.668539678396044,
      "R2": 0.6499766059760035
    }
  },
  "tuned_models": {
    "Linear Regression": {
      "MSE": 24.291119474973513,
      "R2": 0.668759493535632
    },
    "Random Forest": {
      "MSE": 7.912745333333333,
      "R2": 0.8920995891343227
    },
    "SVR": {
      "MSE": 12.7381920196588,
      "R2": 0.8262984470361981
    }
  },
  "best_parameters": {
    "Linear Regression": {
      "copy_X": true,
      "fit_intercept": true,
      "positive": false
    },
    "Random Forest": {
      "max_depth": null,
      "min_samples_split": 2,
      "n_estimators": 100
    },
    "SVR": {
      "C": 10,
      "gamma": "auto",
      "kernel": "rbf"
    }
  },
  "comparison": [
    {
      "Model": "Linear Regression",
      "Basic_MSE": 24.291119474973513,
      "Tuned_MSE": 24.291119474973513,
      "Basic_R2": 0.668759493535632,
      "Tuned_R2": 0.668759493535632,
      "MSE_Improvement_%": 0.0,
      "R2_Improvement_%": 0.0
    },
    {
      "Model": "Random Forest",
      "Basic_MSE": 7.912745333333333,
      "Tuned_MSE": 7.912745333333333,
      "Basic_R2": 0.8920995891343227,
      "Tuned_R2": 0.8920995891343227,
      "MSE_Improvement_%": 0.0,
      "R2_Improvement_%": 0.0
    },
    {
      "Model": "SVR",
      "Basic_MSE": 25.668539678396044,
      "Tuned_MSE": 12.7381920196588,
      "Basic_R2": 0.6499766059760035,
      "Tuned_R2": 0.8262984470361981,
      "MSE_Improvement_%": 50.37430185255176,
      "R2_Improvement_%": 27.127413423661633
    }
  ]
}