{
  "Linear Regression": {
    "MSE": 24.291119474973513,
    "R2": 0.668759493535632
  },
  "Random Forest": {
    "MSE": 7.912745333333333,
    "R2": 0.8920995891343227
  },
  "SVR": {
    "MSE": 25.668539678396044,
    "R2": 0.6499766059760035
  }
}